ANO;MÊS;DIA;HORA;360MIN;180MIN;CANAL;qtd_ENTs;TMC;TME
2021;1;4;16;Q2;QQ3;PORTAL;11;145,45;600
2021;1;5;15;Q2;QQ3;PORTAL;12;212,5;600
2021;1;5;18;Q2;QQ4;PORTAL;8;238;420,63
2021;1;6;14;Q2;QQ3;PORTAL;1;32;600
2021;1;6;17;Q2;QQ4;PORTAL;4;104,75;585,25
2021;1;7;16;Q2;QQ3;PORTAL;6;211,5;600
2021;1;8;12;Q1;QQ2;PORTAL;15;127,8;505,73
2021;1;8;15;Q2;QQ3;PORTAL;1;121;600
2021;1;9;14;Q2;QQ3;PORTAL;1;300;600
2021;1;11;9;Q1;QQ1;PORTAL;5;166,2;560,6
2021;1;11;12;Q1;QQ2;PORTAL;10;119,4;600
2021;1;11;15;Q2;QQ3;PORTAL;5;147,4;600
2021;1;12;11;Q1;QQ2;PORTAL;7;124,71;515
2021;1;12;17;Q2;QQ4;PORTAL;5;44,8;600
2021;1;13;10;Q1;QQ1;PORTAL;2;65,5;600
2021;1;13;13;Q1;QQ2;PORTAL;3;122,67;600
2021;1;13;16;Q2;QQ3;PORTAL;5;147;600
2021;1;14;6;NULL;NULL;PORTAL;9;300;600
2021;1;14;9;Q1;QQ1;PORTAL;3;118,33;600
2021;1;14;12;Q1;QQ2;PORTAL;10;136,1;540,9
2021;1;15;8;Q1;QQ1;PORTAL;1;24;600
2021;1;15;11;Q1;QQ2;PORTAL;7;96,57;600
2021;1;16;13;Q1;QQ2;PORTAL;1;81;600
2021;1;18;11;Q1;QQ2;PORTAL;10;163,2;600
2021;1;20;6;NULL;NULL;PORTAL;1;130;600
2021;1;20;9;Q1;QQ1;PORTAL;11;243,73;503,36
2021;1;21;8;Q1;QQ1;PORTAL;2;180;600
2021;2;1;18;Q2;QQ4;PORTAL;2;26;600
2021;2;4;15;Q2;QQ3;PORTAL;1;36;600
2021;2;4;18;Q2;QQ4;PORTAL;14;220,43;600
2021;2;5;14;Q2;QQ3;PORTAL;1;300;600
2021;2;5;17;Q2;QQ4;PORTAL;13;152,38;554,23
2021;2;8;11;Q1;QQ2;PORTAL;5;38,8;600
2021;2;8;17;Q2;QQ4;PORTAL;6;157,33;539,67
2021;2;9;10;Q1;QQ1;PORTAL;2;104;600
2021;2;9;16;Q2;QQ3;PORTAL;2;43;600
2021;2;10;9;Q1;QQ1;PORTAL;2;66;358
2021;2;10;12;Q1;QQ2;PORTAL;14;272,36;535,71
2021;2;10;15;Q2;QQ3;PORTAL;2;147,5;600
2021;2;11;8;Q1;QQ1;PORTAL;20;185,05;600
2021;2;11;11;Q1;QQ2;PORTAL;17;280,53;530,29
2021;2;11;14;Q2;QQ3;PORTAL;6;107,17;501,33
2021;2;11;17;Q2;QQ4;PORTAL;4;129,75;600
2021;2;12;10;Q1;QQ1;PORTAL;9;153,67;365,44
2021;2;12;16;Q2;QQ3;PORTAL;1;300;11
2021;2;13;15;Q2;QQ3;PORTAL;2;167,5;310,5
2021;2;14;11;Q1;QQ2;PORTAL;4;176,75;326,25
2021;2;14;14;Q2;QQ3;PORTAL;25;227,88;450,72
2021;2;15;7;Q1;QQ1;PORTAL;1;300;510
2021;2;15;13;Q1;QQ2;PORTAL;2;99,5;510,5
2021;2;16;9;Q1;QQ1;PORTAL;1;47;600
2021;2;16;12;Q1;QQ2;PORTAL;10;209;481,8
2021;2;17;8;Q1;QQ1;PORTAL;7;145,14;600
2021;2;17;11;Q1;QQ2;PORTAL;3;29,33;600
2021;2;18;10;Q1;QQ1;PORTAL;19;199,42;600
2021;2;19;9;Q1;QQ1;PORTAL;1;300;600
2021;3;2;16;Q2;QQ3;PORTAL;4;22,75;500,5
2021;3;3;15;Q2;QQ3;PORTAL;1;28;600
2021;3;4;17;Q2;QQ4;PORTAL;2;163;600
2021;3;7;14;Q2;QQ3;PORTAL;1;234;600
2021;3;8;10;Q1;QQ1;PORTAL;5;255;600
2021;3;9;9;Q1;QQ1;PORTAL;8;281,13;600
2021;3;9;12;Q1;QQ2;PORTAL;4;162,75;600
2021;3;9;18;Q2;QQ4;PORTAL;11;142;600
2021;3;10;8;Q1;QQ1;PORTAL;2;300;535,5
2021;3;10;11;Q1;QQ2;PORTAL;1;300;600
2021;3;10;14;Q2;QQ3;PORTAL;1;300;9
2021;3;11;7;Q1;QQ1;PORTAL;2;167;600
2021;3;11;10;Q1;QQ1;PORTAL;1;300;600
2021;3;11;13;Q1;QQ2;PORTAL;14;173,86;545,43
2021;3;11;16;Q2;QQ3;PORTAL;1;300;600
2021;3;12;9;Q1;QQ1;PORTAL;3;287,33;600
2021;3;12;12;Q1;QQ2;PORTAL;3;148;401,67
2021;3;12;15;Q2;QQ3;PORTAL;2;135,5;303,5
2021;3;13;11;Q1;QQ2;PORTAL;1;300;600
2021;3;14;13;Q1;QQ2;PORTAL;3;283,67;600
2021;3;15;9;Q1;QQ1;PORTAL;11;237,55;333,36
2021;3;15;12;Q1;QQ2;PORTAL;8;152,75;87,25
2021;3;16;8;Q1;QQ1;PORTAL;3;160;600
2021;3;16;11;Q1;QQ2;PORTAL;6;271,17;402,83
2021;3;18;9;Q1;QQ1;PORTAL;3;237,33;402,67
2021;1;4;8;Q1;QQ1;PORTAL;3;35,67;254,67
2021;1;4;11;Q1;QQ2;PORTAL;14;85,79;600
2021;1;4;14;Q2;QQ3;PORTAL;9;100,89;544,22
2021;1;4;17;Q2;QQ4;PORTAL;1;300;600
2021;1;5;7;Q1;QQ1;PORTAL;2;31,5;600
2021;1;5;10;Q1;QQ1;PORTAL;12;161,42;524,5
2021;1;5;13;Q1;QQ2;PORTAL;1;35;600
2021;1;5;16;Q2;QQ3;PORTAL;7;224;600
2021;1;6;9;Q1;QQ1;PORTAL;5;150;507,2
2021;1;6;12;Q1;QQ2;PORTAL;8;125,38;592,25
2021;1;7;8;Q1;QQ1;PORTAL;2;235,5;600
2021;1;7;11;Q1;QQ2;PORTAL;7;66,86;586,43
2021;1;7;14;Q2;QQ3;PORTAL;1;113;600
2021;1;9;9;Q1;QQ1;PORTAL;2;300;600
2021;1;11;10;Q1;QQ1;PORTAL;2;41;600
2021;1;12;6;NULL;NULL;PORTAL;2;66,5;600
2021;1;12;9;Q1;QQ1;PORTAL;2;182;383
2021;1;13;8;Q1;QQ1;PORTAL;2;158,5;535
2021;1;14;7;Q1;QQ1;PORTAL;1;300;600
2021;1;15;6;NULL;NULL;PORTAL;1;40;600
2021;1;25;16;Q2;QQ3;PORTAL;2;167;584,5
2021;1;26;15;Q2;QQ3;PORTAL;2;50,5;600
2021;1;27;14;Q2;QQ3;PORTAL;2;33,5;388,5
2021;1;28;16;Q2;QQ3;PORTAL;1;201;600
2021;1;29;12;Q1;QQ2;PORTAL;9;196,44;485
2021;1;29;18;Q2;QQ4;PORTAL;13;143,15;600
2021;1;31;13;Q1;QQ2;PORTAL;1;32;600
2021;2;1;10;Q1;QQ1;PORTAL;7;44,86;600
2021;2;1;16;Q2;QQ3;PORTAL;4;231,25;303,25
2021;2;2;9;Q1;QQ1;PORTAL;2;132,5;309,5
2021;2;2;12;Q1;QQ2;PORTAL;5;76,8;573,2
2021;2;2;15;Q2;QQ3;PORTAL;6;300;600
2021;2;3;8;Q1;QQ1;PORTAL;5;156,4;600
2021;2;3;11;Q1;QQ2;PORTAL;7;52,57;557,71
2021;2;3;14;Q2;QQ3;PORTAL;4;40,5;600
2021;2;3;17;Q2;QQ4;PORTAL;7;179,43;600
2021;2;4;7;Q1;QQ1;PORTAL;14;300;600
2021;2;4;10;Q1;QQ1;PORTAL;2;31,5;360
2021;2;4;16;Q2;QQ3;PORTAL;13;185,15;600
2021;2;5;9;Q1;QQ1;PORTAL;5;131;428,4
2021;2;5;12;Q1;QQ2;PORTAL;13;103,77;587
2021;2;5;15;Q2;QQ3;PORTAL;5;270,4;600
2021;2;8;9;Q1;QQ1;PORTAL;2;300;600
2021;2;8;12;Q1;QQ2;PORTAL;9;141,11;600
2021;2;9;8;Q1;QQ1;PORTAL;2;300;600
2021;2;9;11;Q1;QQ2;PORTAL;9;115,78;600
2021;2;10;7;Q1;QQ1;PORTAL;12;300;600
2021;2;10;10;Q1;QQ1;PORTAL;4;199,75;20,5
2021;2;11;9;Q1;QQ1;PORTAL;3;129;205
2021;2;12;8;Q1;QQ1;PORTAL;1;300;600
2021;2;13;7;Q1;QQ1;PORTAL;1;204;8
2021;2;22;18;Q2;QQ4;PORTAL;1;38;13
2021;2;23;17;Q2;QQ4;PORTAL;1;23;600
2021;2;24;19;Q2;QQ4;PORTAL;11;25,55;600
2021;2;25;18;Q2;QQ4;PORTAL;9;143,78;600
2021;2;26;17;Q2;QQ4;PORTAL;5;250,6;600
2021;2;27;13;Q1;QQ2;PORTAL;1;127;600
2021;2;27;16;Q2;QQ3;PORTAL;11;300;600
2021;3;1;9;Q1;QQ1;PORTAL;13;241,31;510,15
2021;3;1;15;Q2;QQ3;PORTAL;1;300;600
2021;3;2;8;Q1;QQ1;PORTAL;1;300;600
2021;3;2;11;Q1;QQ2;PORTAL;17;150,29;566,24
2021;3;2;14;Q2;QQ3;PORTAL;6;166,33;600
2021;3;2;17;Q2;QQ4;PORTAL;1;300;600
2021;3;3;7;Q1;QQ1;PORTAL;11;300;600
2021;3;3;10;Q1;QQ1;PORTAL;11;191,18;540,91
2021;3;3;16;Q2;QQ3;PORTAL;3;55,33;600
2021;3;4;9;Q1;QQ1;PORTAL;2;185;600
2021;3;4;12;Q1;QQ2;PORTAL;4;140,75;455,5
2021;3;4;15;Q2;QQ3;PORTAL;3;121;443,67
2021;3;5;8;Q1;QQ1;PORTAL;12;250,92;600
2021;3;5;11;Q1;QQ2;PORTAL;4;185,25;600
2021;3;5;14;Q2;QQ3;PORTAL;12;244,33;552
2021;3;6;13;Q1;QQ2;PORTAL;2;300;600
2021;3;8;8;Q1;QQ1;PORTAL;1;300;600
2021;3;8;11;Q1;QQ2;PORTAL;15;267,13;536,53
2021;3;9;7;Q1;QQ1;PORTAL;6;206,83;502,17
2021;3;9;10;Q1;QQ1;PORTAL;2;210,5;600
2021;3;10;9;Q1;QQ1;PORTAL;2;158;600
2021;3;11;8;Q1;QQ1;PORTAL;4;240,75;600
2021;3;12;7;Q1;QQ1;PORTAL;10;151;564,6
2021;1;2;14;Q2;QQ3;PORTAL;1;300;600
2021;1;4;12;Q1;QQ2;PORTAL;20;135,9;600
2021;1;4;15;Q2;QQ3;PORTAL;6;96,83;600
2021;1;4;18;Q2;QQ4;PORTAL;3;25,33;600
2021;1;5;11;Q1;QQ2;PORTAL;24;151,58;583,33
2021;1;5;14;Q2;QQ3;PORTAL;7;112;600
2021;1;5;17;Q2;QQ4;PORTAL;13;240,31;600
2021;1;6;10;Q1;QQ1;PORTAL;14;74,64;516,71
2021;1;6;13;Q1;QQ2;PORTAL;1;67;600
2021;1;6;16;Q2;QQ3;PORTAL;8;48,25;600
2021;1;7;9;Q1;QQ1;PORTAL;8;160;592
2021;1;7;12;Q1;QQ2;PORTAL;16;103;576,63
2021;1;8;8;Q1;QQ1;PORTAL;3;53;600
2021;1;8;11;Q1;QQ2;PORTAL;5;78;600
2021;1;8;17;Q2;QQ4;PORTAL;2;175,5;600
2021;1;9;10;Q1;QQ1;PORTAL;2;42;600
2021;1;9;16;Q2;QQ3;PORTAL;1;300;600
2021;1;12;10;Q1;QQ1;PORTAL;10;94,4;523,3
2021;1;12;13;Q1;QQ2;PORTAL;5;187,6;540
2021;1;13;6;NULL;NULL;PORTAL;2;300;600
2021;1;13;9;Q1;QQ1;PORTAL;5;299,8;600
2021;1;13;12;Q1;QQ2;PORTAL;7;87,14;600
2021;1;14;8;Q1;QQ1;PORTAL;3;90,67;600
2021;1;14;11;Q1;QQ2;PORTAL;10;160,9;600
2021;1;15;10;Q1;QQ1;PORTAL;4;189,75;589,5
2021;1;19;6;NULL;NULL;PORTAL;4;300;600
2021;1;27;18;Q2;QQ4;PORTAL;3;220;600
2021;1;28;17;Q2;QQ4;PORTAL;7;177,29;600
2021;2;1;14;Q2;QQ3;PORTAL;5;94;600
2021;2;1;17;Q2;QQ4;PORTAL;6;162,5;600
2021;2;2;16;Q2;QQ3;PORTAL;8;266,63;537
2021;2;3;12;Q1;QQ2;PORTAL;4;239,75;600
2021;2;3;15;Q2;QQ3;PORTAL;1;46;224
2021;2;4;11;Q1;QQ2;PORTAL;6;72,67;600
2021;2;4;17;Q2;QQ4;PORTAL;7;159;600
2021;2;5;13;Q1;QQ2;PORTAL;3;117,33;600
2021;2;5;16;Q2;QQ3;PORTAL;1;36;600
2021;2;5;19;Q2;QQ4;PORTAL;1;126;600
2021;2;8;16;Q2;QQ3;PORTAL;10;136,3;577,4
2021;2;9;9;Q1;QQ1;PORTAL;7;189;516,14
2021;2;9;12;Q1;QQ2;PORTAL;11;249,55;600
2021;2;9;15;Q2;QQ3;PORTAL;17;110,12;587,53
2021;2;10;11;Q1;QQ2;PORTAL;4;121,5;304,5
2021;2;11;10;Q1;QQ1;PORTAL;10;204,3;550
2021;2;11;13;Q1;QQ2;PORTAL;1;300;600
2021;2;12;9;Q1;QQ1;PORTAL;17;238,88;572,35
2021;2;12;12;Q1;QQ2;PORTAL;4;155,5;452
2021;2;15;9;Q1;QQ1;PORTAL;7;139,43;576,86
2021;2;17;7;Q1;QQ1;PORTAL;12;251,17;600
2021;2;26;18;Q2;QQ4;PORTAL;6;208,83;600
2021;3;1;13;Q1;QQ2;PORTAL;12;240,08;573,08
2021;3;2;12;Q1;QQ2;PORTAL;5;171,4;544,4
2021;3;2;15;Q2;QQ3;PORTAL;8;278,63;600
2021;3;3;11;Q1;QQ2;PORTAL;7;300;439,29
2021;3;3;14;Q2;QQ3;PORTAL;6;118;519,67
2021;3;3;17;Q2;QQ4;PORTAL;3;217;486
2021;3;3;20;NULL;NULL;PORTAL;2;21;600
2021;3;4;10;Q1;QQ1;PORTAL;8;180,63;453,25
2021;3;4;13;Q1;QQ2;PORTAL;3;158;453,33
2021;3;5;9;Q1;QQ1;PORTAL;4;183,75;451,5
2021;3;5;12;Q1;QQ2;PORTAL;5;121,4;600
2021;3;5;15;Q2;QQ3;PORTAL;4;294,5;600
2021;3;5;18;Q2;QQ4;PORTAL;1;300;600
2021;3;8;9;Q1;QQ1;PORTAL;3;91,33;600
2021;3;8;12;Q1;QQ2;PORTAL;8;250,75;538,5
2021;3;8;15;Q2;QQ3;PORTAL;1;28;600
2021;3;9;8;Q1;QQ1;PORTAL;4;57;537,5
2021;3;9;11;Q1;QQ2;PORTAL;5;212,2;481,4
2021;3;9;14;Q2;QQ3;PORTAL;1;300;600
2021;3;10;7;Q1;QQ1;PORTAL;4;300;600
2021;3;10;10;Q1;QQ1;PORTAL;5;174,8;600
2021;3;10;13;Q1;QQ2;PORTAL;3;191,67;461,33
2021;3;11;9;Q1;QQ1;PORTAL;9;77,44;402,78
2021;3;11;12;Q1;QQ2;PORTAL;6;207,83;575,33
2021;3;12;8;Q1;QQ1;PORTAL;2;98;600
2021;3;15;8;Q1;QQ1;PORTAL;1;300;600
2021;3;16;7;Q1;QQ1;PORTAL;3;279,33;600
2021;3;25;18;Q2;QQ4;PORTAL;3;300;600
2021;3;26;17;Q2;QQ4;PORTAL;4;178;600
2021;3;27;16;Q2;QQ3;PORTAL;2;213,5;600
2021;3;29;14;Q2;QQ3;PORTAL;3;209,33;600
2021;1;4;10;Q1;QQ1;PORTAL;10;107,5;600
2021;1;4;13;Q1;QQ2;PORTAL;16;173,19;600
2021;1;5;6;NULL;NULL;PORTAL;1;300;600
2021;1;5;9;Q1;QQ1;PORTAL;12;68,92;562,75
2021;1;5;12;Q1;QQ2;PORTAL;14;100,36;558,43
2021;1;6;11;Q1;QQ2;PORTAL;15;88,47;547,27
2021;1;7;10;Q1;QQ1;PORTAL;6;209,33;600
2021;1;8;6;NULL;NULL;PORTAL;2;300;600
2021;1;8;9;Q1;QQ1;PORTAL;4;167,25;600
2021;1;11;6;NULL;NULL;PORTAL;1;300;600
2021;1;25;15;Q2;QQ3;PORTAL;1;28;600
2021;1;25;18;Q2;QQ4;PORTAL;7;217,57;515,14
2021;1;26;14;Q2;QQ3;PORTAL;3;34,67;433,67
2021;1;27;13;Q1;QQ2;PORTAL;1;22;600
2021;1;27;16;Q2;QQ3;PORTAL;1;126;264
2021;1;28;12;Q1;QQ2;PORTAL;4;58,75;453,75
2021;1;28;15;Q2;QQ3;PORTAL;2;157,5;600
2021;1;28;18;Q2;QQ4;PORTAL;1;300;600
2021;1;29;11;Q1;QQ2;PORTAL;5;253;600
2021;1;29;17;Q2;QQ4;PORTAL;10;103,4;600
2021;1;30;10;Q1;QQ1;PORTAL;1;241;600
2021;2;1;12;Q1;QQ2;PORTAL;11;243,91;575
2021;2;1;15;Q2;QQ3;PORTAL;10;134,3;570,3
2021;2;2;8;Q1;QQ1;PORTAL;16;200,19;600
2021;2;2;11;Q1;QQ2;PORTAL;6;256;580
2021;2;2;14;Q2;QQ3;PORTAL;1;23;600
2021;2;3;10;Q1;QQ1;PORTAL;14;128,86;578,14
2021;2;4;9;Q1;QQ1;PORTAL;2;160,5;600
2021;2;4;12;Q1;QQ2;PORTAL;4;197,75;600
2021;2;5;8;Q1;QQ1;PORTAL;6;116,33;600
2021;2;9;7;Q1;QQ1;PORTAL;2;166,5;600
2021;2;22;17;Q2;QQ4;PORTAL;2;231;600
2021;2;23;16;Q2;QQ3;PORTAL;1;300;7
2021;2;24;18;Q2;QQ4;PORTAL;1;27;600
2021;2;25;14;Q2;QQ3;PORTAL;1;65;337
2021;2;25;17;Q2;QQ4;PORTAL;15;180,27;600
2021;2;26;19;Q2;QQ4;PORTAL;10;258,7;540,7
2021;3;1;11;Q1;QQ2;PORTAL;1;300;600
2021;3;2;10;Q1;QQ1;PORTAL;1;300;600
2021;3;2;13;Q1;QQ2;PORTAL;3;82;404
2021;3;3;9;Q1;QQ1;PORTAL;13;268,23;520,38
2021;3;3;12;Q1;QQ2;PORTAL;6;148,5;501,83
2021;3;4;8;Q1;QQ1;PORTAL;13;300;600
2021;3;4;11;Q1;QQ2;PORTAL;14;239,43;559,14
2021;3;5;10;Q1;QQ1;PORTAL;3;148,67;402,67
2021;3;8;7;Q1;QQ1;PORTAL;2;300;600
2021;3;17;21;NULL;NULL;PORTAL;10;283,6;600
2021;3;18;20;NULL;NULL;PORTAL;1;285;8
2021;3;19;19;Q2;QQ4;PORTAL;1;223;8
2021;3;23;15;Q2;QQ3;PORTAL;15;201,73;596,4
2021;3;23;18;Q2;QQ4;PORTAL;1;134;600
2021;3;24;17;Q2;QQ4;PORTAL;2;300;600
2021;3;25;13;Q1;QQ2;PORTAL;2;114,5;600
2021;3;25;16;Q2;QQ3;PORTAL;4;196,5;600
2021;3;25;19;Q2;QQ4;PORTAL;6;140,67;600
2021;3;26;12;Q1;QQ2;PORTAL;10;240,4;600
2021;3;26;15;Q2;QQ3;PORTAL;4;300;303,75
2021;3;26;18;Q2;QQ4;PORTAL;8;200,88;499,63
2021;3;27;14;Q2;QQ3;PORTAL;4;300;600
2021;3;28;13;Q1;QQ2;PORTAL;1;300;600
2021;3;29;9;Q1;QQ1;PORTAL;1;300;600
2021;3;29;12;Q1;QQ2;PORTAL;4;169,5;600
2021;3;29;15;Q2;QQ3;PORTAL;3;183,67;600
2021;3;30;8;Q1;QQ1;PORTAL;4;282;452
2021;3;30;11;Q1;QQ2;PORTAL;11;184,36;600
2021;3;30;14;Q2;QQ3;PORTAL;4;164,5;350
2021;3;31;7;Q1;QQ1;PORTAL;7;131,71;515,43
2021;3;31;10;Q1;QQ1;PORTAL;1;52;600
2021;3;31;13;Q1;QQ2;PORTAL;13;57,85;65,46
2021;4;1;13;Q1;QQ2;PORTAL;4;249;303,5
2021;4;2;12;Q1;QQ2;PORTAL;3;232;402,67
2021;4;6;8;Q1;QQ1;PORTAL;4;167,5;600
2021;4;7;7;Q1;QQ1;PORTAL;2;300;600
2021;4;21;16;Q2;QQ3;PORTAL;1;62;600
2021;4;23;14;Q2;QQ3;PORTAL;7;300;600
2021;4;23;17;Q2;QQ4;PORTAL;2;300;600
2021;4;26;11;Q1;QQ2;PORTAL;4;238,75;584,75
2021;4;26;17;Q2;QQ4;PORTAL;1;300;10
2021;4;27;13;Q1;QQ2;PORTAL;15;227,13;600
2021;4;28;12;Q1;QQ2;PORTAL;5;289,4;515,8
2021;4;28;15;Q2;QQ3;PORTAL;3;175;600
2021;1;7;17;Q2;QQ4;PORTAL;3;207,67;600
2021;1;8;16;Q2;QQ3;PORTAL;3;209,67;600
2021;1;9;15;Q2;QQ3;PORTAL;1;87;600
2021;1;11;13;Q1;QQ2;PORTAL;8;80,63;569,63
2021;1;12;12;Q1;QQ2;PORTAL;8;77,75;476,25
2021;1;12;15;Q2;QQ3;PORTAL;4;300;503,25
2021;1;13;11;Q1;QQ2;PORTAL;17;64,59;586,29
2021;1;13;14;Q2;QQ3;PORTAL;1;169;600
2021;1;13;17;Q2;QQ4;PORTAL;2;33,5;600
2021;1;14;10;Q1;QQ1;PORTAL;12;199,33;571,92
2021;1;15;9;Q1;QQ1;PORTAL;16;265,94;600
2021;1;15;12;Q1;QQ2;PORTAL;19;219,68;585,05
2021;1;15;15;Q2;QQ3;PORTAL;1;300;600
2021;1;15;18;Q2;QQ4;PORTAL;4;166,5;600
2021;1;16;14;Q2;QQ3;PORTAL;2;190;305
2021;1;18;9;Q1;QQ1;PORTAL;2;134,5;368,5
2021;1;18;12;Q1;QQ2;PORTAL;6;116,17;395,83
2021;1;19;8;Q1;QQ1;PORTAL;4;99,75;490
2021;1;19;11;Q1;QQ2;PORTAL;16;119,19;558,13
2021;1;19;14;Q2;QQ3;PORTAL;1;28;384
2021;1;20;10;Q1;QQ1;PORTAL;3;208;600
2021;1;20;13;Q1;QQ2;PORTAL;2;79;600
2021;1;21;6;NULL;NULL;PORTAL;2;195;305
2021;1;21;9;Q1;QQ1;PORTAL;4;166;449,25
2021;1;21;12;Q1;QQ2;PORTAL;8;179,13;451,75
2021;1;22;8;Q1;QQ1;PORTAL;6;190,33;500,83
2021;1;22;11;Q1;QQ2;PORTAL;6;70,5;496
2021;1;26;7;Q1;QQ1;PORTAL;4;146;451,25
2021;2;5;18;Q2;QQ4;PORTAL;5;236,2;600
2021;2;6;17;Q2;QQ4;PORTAL;6;167;600
2021;2;8;15;Q2;QQ3;PORTAL;9;183,11;600
2021;2;8;18;Q2;QQ4;PORTAL;4;128,5;309,25
2021;2;9;14;Q2;QQ3;PORTAL;2;39,5;600
2021;2;10;13;Q1;QQ2;PORTAL;3;208,33;600
2021;2;11;12;Q1;QQ2;PORTAL;6;291,67;506
2021;2;11;15;Q2;QQ3;PORTAL;5;244,6;600
2021;2;11;18;Q2;QQ4;PORTAL;2;39;600
2021;2;12;11;Q1;QQ2;PORTAL;7;254,29;600
2021;2;12;14;Q2;QQ3;PORTAL;5;32,6;600
2021;2;12;17;Q2;QQ4;PORTAL;2;39;600
2021;2;13;13;Q1;QQ2;PORTAL;1;300;600
2021;2;13;16;Q2;QQ3;PORTAL;1;25;600
2021;2;14;12;Q1;QQ2;PORTAL;15;247,07;484,4
2021;2;14;15;Q2;QQ3;PORTAL;3;51,67;29
2021;2;15;8;Q1;QQ1;PORTAL;1;300;600
2021;2;16;7;Q1;QQ1;PORTAL;4;112;600
2021;2;16;10;Q1;QQ1;PORTAL;4;154,75;530,25
2021;2;16;13;Q1;QQ2;PORTAL;7;300;600
2021;2;17;9;Q1;QQ1;PORTAL;5;263,4;600
2021;2;18;8;Q1;QQ1;PORTAL;4;186,75;600
2021;2;18;11;Q1;QQ2;PORTAL;11;91,45;551,55
2021;2;19;10;Q1;QQ1;PORTAL;7;102;600
2021;2;19;13;Q1;QQ2;PORTAL;1;92;260
2021;2;22;7;Q1;QQ1;PORTAL;2;300;600
2021;2;22;10;Q1;QQ1;PORTAL;12;100,33;550,83
2021;2;23;9;Q1;QQ1;PORTAL;12;283,42;592,75
2021;2;24;8;Q1;QQ1;PORTAL;14;269,14;600
2021;3;5;17;Q2;QQ4;PORTAL;3;165,67;600
2021;3;6;16;Q2;QQ3;PORTAL;2;257;600
2021;3;9;16;Q2;QQ3;PORTAL;8;300;524,88
2021;3;9;19;Q2;QQ4;PORTAL;5;260,2;600
2021;3;10;12;Q1;QQ2;PORTAL;18;116,44;409,5
2021;3;10;18;Q2;QQ4;PORTAL;1;30;600
2021;3;10;21;NULL;NULL;PORTAL;7;155,43;398,86
2021;3;11;11;Q1;QQ2;PORTAL;12;99,17;588,42
2021;3;11;17;Q2;QQ4;PORTAL;2;300;600
2021;3;12;10;Q1;QQ1;PORTAL;10;250;600
2021;3;12;13;Q1;QQ2;PORTAL;1;56;600
2021;3;15;10;Q1;QQ1;PORTAL;24;223,75;304,29
2021;3;15;13;Q1;QQ2;PORTAL;6;159,17;249,17
2021;3;15;16;Q2;QQ3;PORTAL;2;300;390,5
2021;3;16;9;Q1;QQ1;PORTAL;23;264,09;471,17
2021;3;16;12;Q1;QQ2;PORTAL;15;266,8;550,53
2021;3;17;8;Q1;QQ1;PORTAL;15;292,53;495,8
2021;3;17;11;Q1;QQ2;PORTAL;6;211,83;444,17
2021;3;18;10;Q1;QQ1;PORTAL;14;288,14;600
2021;3;18;13;Q1;QQ2;PORTAL;12;300;576,92
2021;3;19;12;Q1;QQ2;PORTAL;4;300;600
2021;3;22;9;Q1;QQ1;PORTAL;3;210,33;600
2021;3;23;8;Q1;QQ1;PORTAL;4;300;600
2021;4;5;16;Q2;QQ3;PORTAL;11;144,45;568
2021;4;6;15;Q2;QQ3;PORTAL;1;33;600
2021;4;6;18;Q2;QQ4;PORTAL;4;126,75;600
2021;4;7;14;Q2;QQ3;PORTAL;2;236;600
2021;4;8;13;Q1;QQ2;PORTAL;1;300;600
2021;4;8;16;Q2;QQ3;PORTAL;7;176,57;515,86
2021;4;9;12;Q1;QQ2;PORTAL;2;36,5;305,5
2021;4;9;15;Q2;QQ3;PORTAL;9;199,33;534,33
2021;4;11;16;Q2;QQ3;PORTAL;1;215;600
2021;4;12;9;Q1;QQ1;PORTAL;2;191;304
2021;4;13;11;Q1;QQ2;PORTAL;1;300;600
2021;4;13;14;Q2;QQ3;PORTAL;7;182,86;515,43
2021;4;13;17;Q2;QQ4;PORTAL;1;98;600
2021;4;14;7;Q1;QQ1;PORTAL;3;134;600
2021;4;14;13;Q1;QQ2;PORTAL;7;233,71;515,43
2021;4;14;16;Q2;QQ3;PORTAL;1;247;600
2021;4;15;9;Q1;QQ1;PORTAL;3;145,67;507
2021;4;15;15;Q2;QQ3;PORTAL;4;266,25;600
2021;4;16;8;Q1;QQ1;PORTAL;6;202,5;600
2021;4;16;11;Q1;QQ2;PORTAL;1;300;600
2021;4;16;14;Q2;QQ3;PORTAL;17;252,65;600
2021;4;17;13;Q1;QQ2;PORTAL;1;300;600
2021;4;19;8;Q1;QQ1;PORTAL;6;204;475,17
2021;4;20;7;Q1;QQ1;PORTAL;3;168;600
2021;4;20;10;Q1;QQ1;PORTAL;1;300;600
2021;4;22;8;Q1;QQ1;PORTAL;4;300;600
2021;4;23;7;Q1;QQ1;PORTAL;4;230;600
2021;5;4;19;Q2;QQ4;PORTAL;1;243;600
2021;5;5;18;Q2;QQ4;PORTAL;1;300;199
2021;5;6;14;Q2;QQ3;PORTAL;1;300;600
2021;5;7;16;Q2;QQ3;PORTAL;2;300;600
2021;5;8;15;Q2;QQ3;PORTAL;1;39;600
2021;5;10;13;Q1;QQ2;PORTAL;3;201,67;600
2021;5;10;16;Q2;QQ3;PORTAL;1;300;600
2021;5;11;9;Q1;QQ1;PORTAL;7;299;600
2021;5;11;12;Q1;QQ2;PORTAL;3;201;600
2021;5;11;15;Q2;QQ3;PORTAL;8;122,25;566,63
2021;5;11;18;Q2;QQ4;PORTAL;13;157,46;508,85
2021;5;12;8;Q1;QQ1;PORTAL;1;167;6
2021;5;12;11;Q1;QQ2;PORTAL;13;276,15;600
2021;5;12;14;Q2;QQ3;PORTAL;1;57;600
2021;5;12;17;Q2;QQ4;PORTAL;15;169,33;600
2021;5;13;7;Q1;QQ1;PORTAL;3;45;511,67
2021;5;13;10;Q1;QQ1;PORTAL;1;74;600
2021;5;13;13;Q1;QQ2;PORTAL;1;26;600
2021;5;14;9;Q1;QQ1;PORTAL;8;300;519,88
2021;5;14;12;Q1;QQ2;PORTAL;3;300;247,67
2021;5;16;13;Q1;QQ2;PORTAL;7;185,29;515,29
2021;5;17;12;Q1;QQ2;PORTAL;12;209;557,58
2021;5;18;8;Q1;QQ1;PORTAL;9;241,22;600
2021;5;18;11;Q1;QQ2;PORTAL;13;126,15;600
2021;5;19;7;Q1;QQ1;PORTAL;1;80;25
2021;5;19;10;Q1;QQ1;PORTAL;12;190;600
2021;5;21;8;Q1;QQ1;PORTAL;1;24;12
2021;5;22;1;NULL;NULL;PORTAL;21;282,24;600
2021;6;1;18;Q2;QQ4;PORTAL;1;300;600
2021;6;3;16;Q2;QQ3;PORTAL;15;204,07;560,33
2021;6;3;19;Q2;QQ4;PORTAL;7;165,57;600
2021;6;7;12;Q1;QQ2;PORTAL;11;78;584,64
2021;6;8;17;Q2;QQ4;PORTAL;5;146,6;481,8
2021;6;9;13;Q1;QQ2;PORTAL;1;47;600
2021;6;10;9;Q1;QQ1;PORTAL;1;300;600
2021;6;10;12;Q1;QQ2;PORTAL;20;239,65;600
2021;6;10;15;Q2;QQ3;PORTAL;3;118,33;600
2021;6;10;18;Q2;QQ4;PORTAL;5;143,2;600
2021;6;11;8;Q1;QQ1;PORTAL;2;98,5;17
2021;6;11;11;Q1;QQ2;PORTAL;6;207,17;598,33
2021;6;11;14;Q2;QQ3;PORTAL;7;125;525,29
2021;6;12;16;Q2;QQ3;PORTAL;1;300;600
2021;6;13;15;Q2;QQ3;PORTAL;2;63;600
2021;6;14;8;Q1;QQ1;PORTAL;2;20,5;465
2021;6;14;11;Q1;QQ2;PORTAL;4;138,5;600
2021;6;15;7;Q1;QQ1;PORTAL;2;300;600
2021;6;15;10;Q1;QQ1;PORTAL;1;115;583
2021;6;15;13;Q1;QQ2;PORTAL;3;48,67;600
2021;6;16;9;Q1;QQ1;PORTAL;4;186,75;545,5
2021;6;16;12;Q1;QQ2;PORTAL;2;103;314,5
2021;6;17;11;Q1;QQ2;PORTAL;7;264,71;600
2021;6;18;7;Q1;QQ1;PORTAL;3;146;401,67
2021;6;18;10;Q1;QQ1;PORTAL;1;151;13
2021;6;21;7;Q1;QQ1;PORTAL;2;25,5;518,5
2021;7;1;23;NULL;NULL;PORTAL;1;39;600
2021;3;22;17;Q2;QQ4;PORTAL;5;234,4;600
2021;3;23;16;Q2;QQ3;PORTAL;8;171,13;526
2021;3;23;19;Q2;QQ4;PORTAL;1;178;600
2021;3;24;15;Q2;QQ3;PORTAL;2;300;600
2021;3;24;18;Q2;QQ4;PORTAL;3;80,33;600
2021;3;25;14;Q2;QQ3;PORTAL;14;160,86;557,86
2021;3;25;17;Q2;QQ4;PORTAL;3;225;600
2021;3;26;13;Q1;QQ2;PORTAL;1;245;600
2021;3;26;16;Q2;QQ3;PORTAL;15;181,87;523,4
2021;3;27;12;Q1;QQ2;PORTAL;2;170;303,5
2021;3;28;17;Q2;QQ4;PORTAL;2;183;600
2021;3;29;10;Q1;QQ1;PORTAL;7;187,14;590,29
2021;3;29;13;Q1;QQ2;PORTAL;3;169;600
2021;3;29;16;Q2;QQ3;PORTAL;6;209,83;600
2021;3;30;9;Q1;QQ1;PORTAL;5;192,6;371,4
2021;3;30;12;Q1;QQ2;PORTAL;4;66;600
2021;3;31;8;Q1;QQ1;PORTAL;13;300;600
2021;3;31;11;Q1;QQ2;PORTAL;3;147,33;402,33
2021;3;31;14;Q2;QQ3;PORTAL;1;22;600
2021;3;31;17;Q2;QQ4;PORTAL;7;97,57;587
2021;4;1;11;Q1;QQ2;PORTAL;2;25;600
2021;4;2;13;Q1;QQ2;PORTAL;2;183,5;600
2021;4;5;13;Q1;QQ2;PORTAL;9;141,78;600
2021;4;6;12;Q1;QQ2;PORTAL;11;108,45;600
2021;4;7;8;Q1;QQ1;PORTAL;10;300;600
2021;4;7;11;Q1;QQ2;PORTAL;2;245;303,5
2021;4;8;7;Q1;QQ1;PORTAL;7;300;600
2021;4;8;10;Q1;QQ1;PORTAL;6;239;600
2021;4;20;18;Q2;QQ4;PORTAL;2;35,5;600
2021;4;22;16;Q2;QQ3;PORTAL;3;300;484,33
2021;4;23;15;Q2;QQ3;PORTAL;9;180,22;491,22
2021;4;23;18;Q2;QQ4;PORTAL;1;34;600
2021;4;24;14;Q2;QQ3;PORTAL;1;217;600
2021;4;25;13;Q1;QQ2;PORTAL;4;300;600
2021;4;27;11;Q1;QQ2;PORTAL;8;266,75;565,75
2021;4;27;14;Q2;QQ3;PORTAL;12;159,92;600
2021;4;27;17;Q2;QQ4;PORTAL;4;248,25;600
2021;4;28;10;Q1;QQ1;PORTAL;4;300;476,25
2021;4;28;13;Q1;QQ2;PORTAL;2;196,5;600
2021;4;29;12;Q1;QQ2;PORTAL;11;283,09;558,18
2021;4;29;18;Q2;QQ4;PORTAL;9;223,67;600
2021;4;30;8;Q1;QQ1;PORTAL;4;300;600
2021;4;30;11;Q1;QQ2;PORTAL;1;284;600
2021;4;30;17;Q2;QQ4;PORTAL;5;104,6;600
2021;5;1;13;Q1;QQ2;PORTAL;2;220,5;600
2021;5;2;15;Q2;QQ3;PORTAL;1;52;600
2021;5;3;8;Q1;QQ1;PORTAL;3;47,67;600
2021;5;3;11;Q1;QQ2;PORTAL;18;168,22;599,28
2021;5;3;14;Q2;QQ3;PORTAL;1;66;600
2021;5;4;7;Q1;QQ1;PORTAL;7;137,71;535,86
2021;5;4;13;Q1;QQ2;PORTAL;15;286,87;600
2021;5;5;9;Q1;QQ1;PORTAL;6;288,67;553,67
2021;5;5;12;Q1;QQ2;PORTAL;3;47;403
2021;5;6;8;Q1;QQ1;PORTAL;10;236,7;600
2021;5;6;11;Q1;QQ2;PORTAL;12;150,92;521,83
2021;5;7;7;Q1;QQ1;PORTAL;4;249,5;451,25
2021;5;7;10;Q1;QQ1;PORTAL;12;300;600
2021;5;8;0;NULL;NULL;PORTAL;2;300;600
2021;5;19;18;Q2;QQ4;PORTAL;19;88,32;600
2021;5;21;16;Q2;QQ3;PORTAL;7;226,57;600
2021;5;21;19;Q2;QQ4;PORTAL;18;163,72;600
2021;5;22;15;Q2;QQ3;PORTAL;6;181,33;600
2021;5;24;16;Q2;QQ3;PORTAL;15;179,53;600
2021;5;25;12;Q1;QQ2;PORTAL;4;170,5;600
2021;5;25;15;Q2;QQ3;PORTAL;2;201,5;600
2021;5;25;18;Q2;QQ4;PORTAL;1;25;600
2021;5;26;11;Q1;QQ2;PORTAL;2;136,5;600
2021;5;26;17;Q2;QQ4;PORTAL;20;104,6;570,35
2021;5;27;10;Q1;QQ1;PORTAL;1;300;600
2021;5;27;13;Q1;QQ2;PORTAL;8;233,38;600
2021;5;27;16;Q2;QQ3;PORTAL;1;300;600
2021;5;28;12;Q1;QQ2;PORTAL;5;98,6;600
2021;5;28;15;Q2;QQ3;PORTAL;1;300;6
2021;5;28;18;Q2;QQ4;PORTAL;25;173,72;576,28
2021;5;31;9;Q1;QQ1;PORTAL;1;22;600
2021;5;31;12;Q1;QQ2;PORTAL;14;124,36;513,5
2021;5;31;15;Q2;QQ3;PORTAL;1;54;600
2021;6;1;9;Q1;QQ1;PORTAL;1;32;8
2021;6;1;12;Q1;QQ2;PORTAL;8;138,5;525,88
2021;6;1;15;Q2;QQ3;PORTAL;21;132,95;600
2021;6;2;8;Q1;QQ1;PORTAL;11;158,45;567,82
2021;3;19;8;Q1;QQ1;PORTAL;1;300;600
2021;3;31;16;Q2;QQ3;PORTAL;14;227,86;558,14
2021;4;5;15;Q2;QQ3;PORTAL;18;155,22;534,39
2021;4;6;11;Q1;QQ2;PORTAL;13;158,15;554,69
2021;4;6;14;Q2;QQ3;PORTAL;7;178;515,57
2021;4;7;13;Q1;QQ2;PORTAL;20;152,8;576,75
2021;4;7;16;Q2;QQ3;PORTAL;1;165;600
2021;4;8;12;Q1;QQ2;PORTAL;1;300;600
2021;4;8;15;Q2;QQ3;PORTAL;13;221,92;600
2021;4;8;18;Q2;QQ4;PORTAL;3;207;600
2021;4;9;8;Q1;QQ1;PORTAL;4;300;600
2021;4;9;14;Q2;QQ3;PORTAL;20;198,4;574,3
2021;4;10;13;Q1;QQ2;PORTAL;9;291,67;600
2021;4;12;8;Q1;QQ1;PORTAL;1;300;600
2021;4;12;11;Q1;QQ2;PORTAL;6;175,5;410,5
2021;4;12;14;Q2;QQ3;PORTAL;10;49,3;545,9
2021;4;13;7;Q1;QQ1;PORTAL;7;78,71;600
2021;4;13;10;Q1;QQ1;PORTAL;1;300;600
2021;4;13;13;Q1;QQ2;PORTAL;15;128,53;600
2021;4;14;9;Q1;QQ1;PORTAL;12;300;600
2021;4;14;12;Q1;QQ2;PORTAL;6;120,5;600
2021;4;15;8;Q1;QQ1;PORTAL;9;300;600
2021;4;15;11;Q1;QQ2;PORTAL;10;238,1;541,6
2021;4;16;7;Q1;QQ1;PORTAL;4;300;600
2021;4;19;7;Q1;QQ1;PORTAL;8;158,13;536,38
2021;4;28;18;Q2;QQ4;PORTAL;1;283;600
2021;4;29;17;Q2;QQ4;PORTAL;3;215,67;600
2021;4;30;16;Q2;QQ3;PORTAL;4;218;600
2021;5;2;14;Q2;QQ3;PORTAL;1;74;600
2021;5;3;13;Q1;QQ2;PORTAL;5;128,2;600
2021;5;4;12;Q1;QQ2;PORTAL;5;188,4;600
2021;5;4;15;Q2;QQ3;PORTAL;4;188,25;459,25
2021;5;4;18;Q2;QQ4;PORTAL;19;165;568,74
2021;5;5;11;Q1;QQ2;PORTAL;23;145,04;584,43
2021;5;5;14;Q2;QQ3;PORTAL;3;300;600
2021;5;5;17;Q2;QQ4;PORTAL;12;68,08;589,17
2021;5;6;10;Q1;QQ1;PORTAL;12;281,75;600
2021;5;6;13;Q1;QQ2;PORTAL;13;273,08;199,08
2021;5;7;9;Q1;QQ1;PORTAL;1;155;600
2021;5;7;12;Q1;QQ2;PORTAL;13;240,23;501,15
2021;5;7;18;Q2;QQ4;PORTAL;4;230,75;600
2021;5;8;11;Q1;QQ2;PORTAL;1;300;600
2021;5;10;9;Q1;QQ1;PORTAL;2;300;600
2021;5;10;12;Q1;QQ2;PORTAL;12;95,33;562,67
2021;5;11;8;Q1;QQ1;PORTAL;3;38;600
2021;5;11;11;Q1;QQ2;PORTAL;3;300;600
2021;5;12;7;Q1;QQ1;PORTAL;5;218;600
2021;5;12;10;Q1;QQ1;PORTAL;14;300;600
2021;5;12;13;Q1;QQ2;PORTAL;7;201,43;548
2021;5;13;12;Q1;QQ2;PORTAL;13;279;600
2021;5;14;8;Q1;QQ1;PORTAL;1;300;167
2021;5;14;11;Q1;QQ2;PORTAL;10;248,8;540,7
2021;5;18;7;Q1;QQ1;PORTAL;4;199,75;600
2021;5;19;6;NULL;NULL;PORTAL;4;263,75;600
2021;5;28;17;Q2;QQ4;PORTAL;6;163,33;600
2021;5;31;14;Q2;QQ3;PORTAL;1;53;10
2021;6;1;14;Q2;QQ3;PORTAL;14;128,36;600
2021;6;1;17;Q2;QQ4;PORTAL;2;163,5;600
2021;6;2;13;Q1;QQ2;PORTAL;6;107;501,17
2021;6;3;12;Q1;QQ2;PORTAL;1;300;600
2021;6;3;15;Q2;QQ3;PORTAL;6;83,5;600
2021;6;3;18;Q2;QQ4;PORTAL;13;64,77;600
2021;6;7;8;Q1;QQ1;PORTAL;1;300;600
2021;6;7;11;Q1;QQ2;PORTAL;2;79;600
2021;6;7;14;Q2;QQ3;PORTAL;1;300;600
2021;6;7;17;Q2;QQ4;PORTAL;2;74;600
2021;6;8;7;Q1;QQ1;PORTAL;11;154,09;448,64
2021;6;8;10;Q1;QQ1;PORTAL;2;187,5;600
2021;6;8;16;Q2;QQ3;PORTAL;7;130,86;600
2021;6;9;12;Q1;QQ2;PORTAL;2;121;600
2021;6;10;11;Q1;QQ2;PORTAL;3;300;600
2021;6;10;14;Q2;QQ3;PORTAL;1;60;600
2021;6;11;10;Q1;QQ1;PORTAL;13;289,77;592,69
2021;6;11;13;Q1;QQ2;PORTAL;11;77,36;600
2021;6;12;9;Q1;QQ1;PORTAL;3;209,33;600
2021;6;14;7;Q1;QQ1;PORTAL;6;254,67;500,83
2021;6;14;10;Q1;QQ1;PORTAL;5;145,4;600
2021;6;16;8;Q1;QQ1;PORTAL;7;261,71;600
2021;6;17;7;Q1;QQ1;PORTAL;2;188,5;600
2021;6;18;6;NULL;NULL;PORTAL;6;217,17;600
2021;6;29;15;Q2;QQ3;PORTAL;1;300;600
2021;1;11;17;Q2;QQ4;PORTAL;1;130;600
2021;1;12;16;Q2;QQ3;PORTAL;6;176,67;559,17
2021;1;14;14;Q2;QQ3;PORTAL;16;166,63;600
2021;1;15;16;Q2;QQ3;PORTAL;4;67,25;600
2021;1;17;14;Q2;QQ3;PORTAL;5;222,4;600
2021;1;18;10;Q1;QQ1;PORTAL;5;113;553,4
2021;1;19;9;Q1;QQ1;PORTAL;8;300;543,88
2021;1;19;12;Q1;QQ2;PORTAL;3;212;503
2021;1;20;8;Q1;QQ1;PORTAL;10;250,1;573,2
2021;1;20;11;Q1;QQ2;PORTAL;8;221,5;573,38
2021;1;21;7;Q1;QQ1;PORTAL;1;300;600
2021;1;21;10;Q1;QQ1;PORTAL;4;69;575
2021;1;22;9;Q1;QQ1;PORTAL;1;210;600
2021;1;22;12;Q1;QQ2;PORTAL;7;221,71;580,29
2021;1;22;15;Q2;QQ3;PORTAL;16;229,88;600
2021;1;25;9;Q1;QQ1;PORTAL;4;196,25;482,75
2021;1;25;12;Q1;QQ2;PORTAL;6;167,83;502,33
2021;1;26;8;Q1;QQ1;PORTAL;4;73,5;474,25
2021;1;26;11;Q1;QQ2;PORTAL;10;153,9;532,1
2021;1;27;10;Q1;QQ1;PORTAL;19;169,05;305,68
2021;1;28;9;Q1;QQ1;PORTAL;4;197,5;468,75
2021;1;29;8;Q1;QQ1;PORTAL;1;67;600
2021;2;10;17;Q2;QQ4;PORTAL;2;32,5;600
2021;2;11;16;Q2;QQ3;PORTAL;7;230,14;600
2021;2;11;19;Q2;QQ4;PORTAL;2;300;600
2021;2;12;15;Q2;QQ3;PORTAL;2;54;600
2021;2;13;14;Q2;QQ3;PORTAL;15;203,33;370
2021;2;14;13;Q1;QQ2;PORTAL;7;300;600
2021;2;15;12;Q1;QQ2;PORTAL;8;215,13;600
2021;2;15;15;Q2;QQ3;PORTAL;3;115,33;600
2021;2;16;11;Q1;QQ2;PORTAL;13;57,54;600
2021;2;16;14;Q2;QQ3;PORTAL;2;300;600
2021;2;17;10;Q1;QQ1;PORTAL;10;114,3;600
2021;2;17;13;Q1;QQ2;PORTAL;1;36;600
2021;2;18;12;Q1;QQ2;PORTAL;7;166,86;545
2021;2;18;15;Q2;QQ3;PORTAL;11;72,55;546
2021;2;19;8;Q1;QQ1;PORTAL;1;17;600
2021;2;19;11;Q1;QQ2;PORTAL;10;185,8;600
2021;2;19;17;Q2;QQ4;PORTAL;6;67,83;600
2021;2;22;8;Q1;QQ1;PORTAL;1;22;377
2021;2;22;11;Q1;QQ2;PORTAL;10;156,3;600
2021;2;22;14;Q2;QQ3;PORTAL;2;42,5;467
2021;2;23;7;Q1;QQ1;PORTAL;4;77,25;600
2021;2;23;10;Q1;QQ1;PORTAL;4;26,25;488,25
2021;2;24;9;Q1;QQ1;PORTAL;10;229,3;468,7
2021;2;24;12;Q1;QQ2;PORTAL;3;222,33;600
2021;2;25;8;Q1;QQ1;PORTAL;1;300;262
2021;2;26;10;Q1;QQ1;PORTAL;14;284,93;600
2021;3;8;18;Q2;QQ4;PORTAL;8;237,63;547,88
2021;3;9;17;Q2;QQ4;PORTAL;7;197,14;600
2021;3;10;16;Q2;QQ3;PORTAL;5;202;600
2021;3;10;19;Q2;QQ4;PORTAL;9;87,56;600
2021;3;10;22;NULL;NULL;PORTAL;1;123;600
2021;3;11;18;Q2;QQ4;PORTAL;2;169;600
2021;3;12;17;Q2;QQ4;PORTAL;1;300;600
2021;3;15;11;Q1;QQ2;PORTAL;14;220,21;264,57
2021;3;16;10;Q1;QQ1;PORTAL;16;215,06;489
2021;3;16;13;Q1;QQ2;PORTAL;11;190,45;584,27
2021;3;16;16;Q2;QQ3;PORTAL;1;26;600
2021;3;17;9;Q1;QQ1;PORTAL;8;280,13;584,13
2021;3;17;12;Q1;QQ2;PORTAL;6;209,83;600
2021;3;17;15;Q2;QQ3;PORTAL;1;300;600
2021;3;18;11;Q1;QQ2;PORTAL;2;52,5;6,5
2021;3;18;14;Q2;QQ3;PORTAL;1;21;600
2021;3;18;17;Q2;QQ4;PORTAL;7;188,86;516,14
2021;3;19;10;Q1;QQ1;PORTAL;1;300;600
2021;3;19;13;Q1;QQ2;PORTAL;11;221,91;547,27
2021;3;19;16;Q2;QQ3;PORTAL;2;188;544
2021;3;22;10;Q1;QQ1;PORTAL;1;182;600
2021;3;22;13;Q1;QQ2;PORTAL;12;300;550,17
2021;3;23;12;Q1;QQ2;PORTAL;3;300;600
2021;3;24;8;Q1;QQ1;PORTAL;3;290,67;600
2021;3;24;11;Q1;QQ2;PORTAL;20;150,9;546,15
2021;3;26;9;Q1;QQ1;PORTAL;2;54;478,5
2021;4;7;18;Q2;QQ4;PORTAL;4;107;600
2021;4;8;17;Q2;QQ4;PORTAL;16;132,88;518,13
2021;4;9;16;Q2;QQ3;PORTAL;1;118;600
2021;4;12;13;Q1;QQ2;PORTAL;2;300;600
2021;4;13;12;Q1;QQ2;PORTAL;7;276;600
2021;4;13;15;Q2;QQ3;PORTAL;5;78,4;600
2021;4;14;11;Q1;QQ2;PORTAL;50;278,02;580,48
2021;3;30;13;Q1;QQ2;PORTAL;3;204,33;488,33
2021;3;30;19;Q2;QQ4;PORTAL;1;111;600
2021;3;31;12;Q1;QQ2;PORTAL;5;83,8;235
2021;3;31;15;Q2;QQ3;PORTAL;2;100,5;600
2021;3;31;18;Q2;QQ4;PORTAL;5;225,6;600
2021;4;1;12;Q1;QQ2;PORTAL;1;104;600
2021;4;3;13;Q1;QQ2;PORTAL;1;300;600
2021;4;4;12;Q1;QQ2;PORTAL;5;190,4;600
2021;4;5;8;Q1;QQ1;PORTAL;3;300;440
2021;4;5;11;Q1;QQ2;PORTAL;3;300;600
2021;4;5;14;Q2;QQ3;PORTAL;11;146,36;600
2021;4;6;10;Q1;QQ1;PORTAL;10;179,5;600
2021;4;6;13;Q1;QQ2;PORTAL;2;172;577
2021;4;8;11;Q1;QQ2;PORTAL;1;300;600
2021;4;8;14;Q2;QQ3;PORTAL;5;67;485,8
2021;4;9;7;Q1;QQ1;PORTAL;9;182,44;403,44
2021;4;9;10;Q1;QQ1;PORTAL;1;228;600
2021;4;9;13;Q1;QQ2;PORTAL;17;242,06;554,35
2021;4;10;12;Q1;QQ2;PORTAL;2;210;600
2021;4;12;10;Q1;QQ1;PORTAL;13;242,69;505,85
2021;4;13;9;Q1;QQ1;PORTAL;17;233,12;566,24
2021;4;14;8;Q1;QQ1;PORTAL;2;239;600
2021;4;27;15;Q2;QQ3;PORTAL;1;86;399
2021;4;28;14;Q2;QQ3;PORTAL;7;233,57;583,71
2021;4;29;13;Q1;QQ2;PORTAL;5;260;481,4
2021;4;29;16;Q2;QQ3;PORTAL;3;254,67;600
2021;4;30;12;Q1;QQ2;PORTAL;9;297,33;577,11
2021;4;30;15;Q2;QQ3;PORTAL;1;300;600
2021;5;3;9;Q1;QQ1;PORTAL;1;91;5
2021;5;3;12;Q1;QQ2;PORTAL;3;233,67;525
2021;5;4;8;Q1;QQ1;PORTAL;6;215;501,83
2021;5;4;11;Q1;QQ2;PORTAL;6;144,33;600
2021;5;4;14;Q2;QQ3;PORTAL;6;85;600
2021;5;4;17;Q2;QQ4;PORTAL;11;207,82;600
2021;5;5;7;Q1;QQ1;PORTAL;1;300;600
2021;5;5;10;Q1;QQ1;PORTAL;6;20,5;528
2021;5;5;13;Q1;QQ2;PORTAL;1;19;158
2021;5;5;16;Q2;QQ3;PORTAL;7;256,29;600
2021;5;6;9;Q1;QQ1;PORTAL;1;300;600
2021;5;6;12;Q1;QQ2;PORTAL;18;233,44;567,72
2021;5;7;8;Q1;QQ1;PORTAL;2;166,5;600
2021;5;7;11;Q1;QQ2;PORTAL;15;186,27;600
2021;5;8;10;Q1;QQ1;PORTAL;1;72;600
2021;5;10;8;Q1;QQ1;PORTAL;3;190,67;583
2021;5;10;11;Q1;QQ2;PORTAL;2;26,5;536
2021;5;13;8;Q1;QQ1;PORTAL;12;242,42;550,67
2021;5;14;7;Q1;QQ1;PORTAL;4;104;600
2021;5;24;17;Q2;QQ4;PORTAL;13;115,69;600
2021;5;25;16;Q2;QQ3;PORTAL;8;295,38;600
2021;5;27;14;Q2;QQ3;PORTAL;4;170,75;600
2021;5;28;16;Q2;QQ3;PORTAL;1;300;600
2021;5;28;19;Q2;QQ4;PORTAL;3;112,33;600
2021;5;31;10;Q1;QQ1;PORTAL;1;45;600
2021;5;31;13;Q1;QQ2;PORTAL;1;300;600
2021;6;1;13;Q1;QQ2;PORTAL;17;147,12;600
2021;6;1;16;Q2;QQ3;PORTAL;14;119;600
2021;6;2;12;Q1;QQ2;PORTAL;23;146,65;574,35
2021;6;3;8;Q1;QQ1;PORTAL;20;286,5;600
2021;6;3;17;Q2;QQ4;PORTAL;3;148;600
2021;6;7;7;Q1;QQ1;PORTAL;10;284,5;600
2021;6;7;10;Q1;QQ1;PORTAL;12;101,83;526,42
2021;6;8;6;NULL;NULL;PORTAL;2;171,5;600
2021;6;8;9;Q1;QQ1;PORTAL;8;192,13;490,25
2021;6;8;12;Q1;QQ2;PORTAL;4;37,75;600
2021;6;9;8;Q1;QQ1;PORTAL;3;130,67;241,67
2021;6;10;7;Q1;QQ1;PORTAL;12;133,83;550,67
2021;6;11;6;NULL;NULL;PORTAL;1;167;600
2021;6;22;18;Q2;QQ4;PORTAL;7;263,43;600
2021;6;26;14;Q2;QQ3;PORTAL;1;47;600
2021;7;1;12;Q1;QQ2;PORTAL;20;269,7;600
2021;7;2;8;Q1;QQ1;PORTAL;1;300;600
2021;7;2;11;Q1;QQ2;PORTAL;17;286,35;581,94
2021;7;2;14;Q2;QQ3;PORTAL;5;168,8;600
2021;7;2;17;Q2;QQ4;PORTAL;2;18;600
2021;7;3;13;Q1;QQ2;PORTAL;1;32;9
2021;7;5;11;Q1;QQ2;PORTAL;9;100;460,78
2021;7;6;7;Q1;QQ1;PORTAL;12;284,75;472,67
2021;7;6;10;Q1;QQ1;PORTAL;9;199,78;526,22
2021;7;7;9;Q1;QQ1;PORTAL;1;300;592
2021;7;7;12;Q1;QQ2;PORTAL;6;257,67;600
2021;7;8;11;Q1;QQ2;PORTAL;2;44;600
2021;4;14;14;Q2;QQ3;PORTAL;12;183,67;600
2021;4;14;17;Q2;QQ4;PORTAL;1;52;6
2021;4;15;10;Q1;QQ1;PORTAL;10;128,2;540,8
2021;4;15;13;Q1;QQ2;PORTAL;3;289;600
2021;4;16;9;Q1;QQ1;PORTAL;2;286,5;303,5
2021;4;16;15;Q2;QQ3;PORTAL;8;242,13;525,88
2021;4;17;14;Q2;QQ3;PORTAL;1;300;600
2021;4;19;9;Q1;QQ1;PORTAL;3;300;512,33
2021;4;19;12;Q1;QQ2;PORTAL;3;238,33;571,33
2021;4;19;15;Q2;QQ3;PORTAL;3;214;600
2021;4;20;8;Q1;QQ1;PORTAL;6;300;600
2021;4;20;11;Q1;QQ2;PORTAL;12;250,5;534,42
2021;4;20;14;Q2;QQ3;PORTAL;6;300;502,5
2021;4;21;13;Q1;QQ2;PORTAL;1;300;600
2021;4;22;9;Q1;QQ1;PORTAL;2;127,5;600
2021;4;22;12;Q1;QQ2;PORTAL;3;214;600
2021;4;23;8;Q1;QQ1;PORTAL;9;300;600
2021;4;23;11;Q1;QQ2;PORTAL;3;266,67;403
2021;4;27;7;Q1;QQ1;PORTAL;8;195,13;600
2021;5;6;18;Q2;QQ4;PORTAL;11;216;600
2021;5;6;21;NULL;NULL;PORTAL;11;145,27;600
2021;5;7;17;Q2;QQ4;PORTAL;4;230,75;600
2021;5;7;23;NULL;NULL;PORTAL;7;300;600
2021;5;10;17;Q2;QQ4;PORTAL;1;19;600
2021;5;11;13;Q1;QQ2;PORTAL;6;55;600
2021;5;12;12;Q1;QQ2;PORTAL;2;300;600
2021;5;12;18;Q2;QQ4;PORTAL;8;300;600
2021;5;13;11;Q1;QQ2;PORTAL;8;235,38;600
2021;5;13;14;Q2;QQ3;PORTAL;5;254,6;600
2021;5;14;10;Q1;QQ1;PORTAL;2;108,5;486
2021;5;14;13;Q1;QQ2;PORTAL;4;117,25;532
2021;5;16;14;Q2;QQ3;PORTAL;1;20;600
2021;5;17;7;Q1;QQ1;PORTAL;3;97,67;436
2021;5;18;9;Q1;QQ1;PORTAL;7;259,14;600
2021;5;18;12;Q1;QQ2;PORTAL;6;136,67;453,17
2021;5;19;8;Q1;QQ1;PORTAL;1;30;600
2021;5;19;14;Q2;QQ3;PORTAL;1;300;10
2021;5;20;7;Q1;QQ1;PORTAL;12;182,33;600
2021;5;20;10;Q1;QQ1;PORTAL;1;44;600
2021;5;20;13;Q1;QQ2;PORTAL;5;178,8;600
2021;5;21;6;NULL;NULL;PORTAL;6;137,33;600
2021;5;21;9;Q1;QQ1;PORTAL;11;290,18;600
2021;5;21;12;Q1;QQ2;PORTAL;2;281;600
2021;5;22;2;NULL;NULL;PORTAL;21;233,14;600
2021;5;24;6;NULL;NULL;PORTAL;1;40;600
2021;5;25;8;Q1;QQ1;PORTAL;2;93,5;600
2021;6;7;16;Q2;QQ3;PORTAL;12;127,08;600
2021;6;8;18;Q2;QQ4;PORTAL;3;227;600
2021;6;10;13;Q1;QQ2;PORTAL;31;79,77;583,81
2021;6;10;19;Q2;QQ4;PORTAL;1;300;600
2021;6;11;12;Q1;QQ2;PORTAL;2;24,5;304,5
2021;6;11;15;Q2;QQ3;PORTAL;1;16;439
2021;6;11;18;Q2;QQ4;PORTAL;9;48,89;558,44
2021;6;13;16;Q2;QQ3;PORTAL;2;81,5;600
2021;6;14;9;Q1;QQ1;PORTAL;2;256,5;600
2021;6;14;12;Q1;QQ2;PORTAL;3;189,67;587,67
2021;6;15;8;Q1;QQ1;PORTAL;3;259,33;402,33
2021;6;15;11;Q1;QQ2;PORTAL;6;208;422
2021;6;15;14;Q2;QQ3;PORTAL;5;125;600
2021;6;16;7;Q1;QQ1;PORTAL;8;201,63;600
2021;6;16;10;Q1;QQ1;PORTAL;5;156,4;600
2021;6;16;13;Q1;QQ2;PORTAL;2;40,5;207,5
2021;6;16;16;Q2;QQ3;PORTAL;8;193,75;526,5
2021;6;17;12;Q1;QQ2;PORTAL;16;265,75;565,56
2021;6;17;15;Q2;QQ3;PORTAL;3;118,33;600
2021;6;18;8;Q1;QQ1;PORTAL;2;236,5;600
2021;6;18;11;Q1;QQ2;PORTAL;13;142,23;600
2021;6;18;14;Q2;QQ3;PORTAL;1;44;600
2021;6;19;13;Q1;QQ2;PORTAL;6;258,67;600
2021;6;21;8;Q1;QQ1;PORTAL;1;300;600
2021;6;21;11;Q1;QQ2;PORTAL;9;124,78;493,78
2021;6;22;7;Q1;QQ1;PORTAL;3;285,67;401,67
2021;6;22;10;Q1;QQ1;PORTAL;12;289,08;561,75
2021;7;6;16;Q2;QQ3;PORTAL;4;142,5;451,25
2021;7;6;19;Q2;QQ4;PORTAL;1;300;4
2021;7;7;15;Q2;QQ3;PORTAL;1;16;600
2021;7;7;18;Q2;QQ4;PORTAL;5;81,2;600
2021;7;8;14;Q2;QQ3;PORTAL;2;226;600
2021;7;9;16;Q2;QQ3;PORTAL;9;71,56;534
2021;7;12;10;Q1;QQ1;PORTAL;3;54,33;359
2021;7;12;13;Q1;QQ2;PORTAL;1;57;600
2021;1;14;18;Q2;QQ4;PORTAL;3;62;600
2021;1;15;17;Q2;QQ4;PORTAL;3;300;600
2021;1;17;15;Q2;QQ3;PORTAL;7;233,29;600
2021;1;18;14;Q2;QQ3;PORTAL;2;188;600
2021;1;18;17;Q2;QQ4;PORTAL;1;300;600
2021;1;19;13;Q1;QQ2;PORTAL;5;105,2;544,4
2021;1;19;16;Q2;QQ3;PORTAL;4;209;600
2021;1;20;12;Q1;QQ2;PORTAL;3;206;414
2021;1;20;15;Q2;QQ3;PORTAL;7;260,86;600
2021;1;21;11;Q1;QQ2;PORTAL;9;271,33;588,89
2021;1;21;17;Q2;QQ4;PORTAL;3;222,33;600
2021;1;22;10;Q1;QQ1;PORTAL;2;221;600
2021;1;25;10;Q1;QQ1;PORTAL;4;175,75;469,75
2021;1;26;6;NULL;NULL;PORTAL;1;106;600
2021;1;26;9;Q1;QQ1;PORTAL;2;140;600
2021;1;26;12;Q1;QQ2;PORTAL;8;187,13;497,63
2021;1;27;8;Q1;QQ1;PORTAL;6;206,5;600
2021;1;27;11;Q1;QQ2;PORTAL;12;179,67;384,5
2021;1;28;7;Q1;QQ1;PORTAL;4;216,5;600
2021;1;28;10;Q1;QQ1;PORTAL;2;244,5;600
2021;1;29;9;Q1;QQ1;PORTAL;8;228,63;430
2021;2;12;19;Q2;QQ4;PORTAL;1;78;97
2021;2;15;16;Q2;QQ3;PORTAL;1;300;600
2021;2;18;16;Q2;QQ3;PORTAL;5;192;504
2021;2;19;12;Q1;QQ2;PORTAL;12;145,33;517,33
2021;2;19;18;Q2;QQ4;PORTAL;3;162,67;600
2021;2;22;9;Q1;QQ1;PORTAL;6;161,17;600
2021;2;22;12;Q1;QQ2;PORTAL;11;162,09;537,91
2021;2;22;15;Q2;QQ3;PORTAL;1;135;600
2021;2;23;8;Q1;QQ1;PORTAL;1;85;9
2021;2;23;11;Q1;QQ2;PORTAL;8;127,88;523,63
2021;2;23;14;Q2;QQ3;PORTAL;1;23;600
2021;2;24;10;Q1;QQ1;PORTAL;14;114,43;598,5
2021;2;24;13;Q1;QQ2;PORTAL;2;291,5;600
2021;2;25;9;Q1;QQ1;PORTAL;1;34;600
2021;2;25;12;Q1;QQ2;PORTAL;7;198,86;600
2021;2;26;8;Q1;QQ1;PORTAL;9;248,56;537
2021;2;26;11;Q1;QQ2;PORTAL;3;175;228
2021;3;10;20;NULL;NULL;PORTAL;9;165,44;600
2021;3;11;19;Q2;QQ4;PORTAL;1;69;600
2021;3;15;18;Q2;QQ4;PORTAL;1;300;600
2021;3;17;13;Q1;QQ2;PORTAL;1;98;43
2021;3;17;16;Q2;QQ3;PORTAL;4;237,75;600
2021;3;18;12;Q1;QQ2;PORTAL;4;247,5;600
2021;3;18;18;Q2;QQ4;PORTAL;6;163;329,83
2021;3;19;11;Q1;QQ2;PORTAL;11;300;600
2021;3;19;17;Q2;QQ4;PORTAL;4;65;600
2021;3;20;13;Q1;QQ2;PORTAL;2;160;600
2021;3;21;15;Q2;QQ3;PORTAL;2;300;600
2021;3;22;8;Q1;QQ1;PORTAL;3;270,67;600
2021;3;22;11;Q1;QQ2;PORTAL;1;300;600
2021;3;23;10;Q1;QQ1;PORTAL;1;27;600
2021;3;23;13;Q1;QQ2;PORTAL;3;154;408,67
2021;3;24;9;Q1;QQ1;PORTAL;1;54;600
2021;3;24;12;Q1;QQ2;PORTAL;6;300;559,5
2021;3;25;8;Q1;QQ1;PORTAL;9;270,33;600
2021;3;25;11;Q1;QQ2;PORTAL;2;175,5;600
2021;3;26;7;Q1;QQ1;PORTAL;1;300;600
2021;3;26;10;Q1;QQ1;PORTAL;3;128,67;600
2021;4;13;16;Q2;QQ3;PORTAL;20;117,05;570,5
2021;4;14;15;Q2;QQ3;PORTAL;8;205,25;451,63
2021;4;15;14;Q2;QQ3;PORTAL;13;215,38;600
2021;4;16;13;Q1;QQ2;PORTAL;7;186,57;600
2021;4;17;12;Q1;QQ2;PORTAL;2;47,5;600
2021;4;17;15;Q2;QQ3;PORTAL;1;48;600
2021;4;19;10;Q1;QQ1;PORTAL;7;260,14;499,29
2021;4;19;16;Q2;QQ3;PORTAL;3;244;600
2021;4;20;12;Q1;QQ2;PORTAL;1;300;600
2021;4;20;15;Q2;QQ3;PORTAL;16;117,44;600
2021;4;21;14;Q2;QQ3;PORTAL;1;61;600
2021;4;22;7;Q1;QQ1;PORTAL;1;300;600
2021;4;22;10;Q1;QQ1;PORTAL;15;253,27;600
2021;4;22;13;Q1;QQ2;PORTAL;16;187,19;597,81
2021;4;23;9;Q1;QQ1;PORTAL;5;212,4;600
2021;4;23;12;Q1;QQ2;PORTAL;12;268,5;600
2021;4;26;9;Q1;QQ1;PORTAL;2;265,5;600
2021;4;27;8;Q1;QQ1;PORTAL;1;30;600
2021;4;28;7;Q1;QQ1;PORTAL;4;231;600
2021;5;10;18;Q2;QQ4;PORTAL;20;242,9;600
2021;5;11;17;Q2;QQ4;PORTAL;1;89;600
2021;5;13;15;Q2;QQ3;PORTAL;4;99,5;600
2021;1;4;9;Q1;QQ1;PORTAL;2;74;309,5
2021;1;5;8;Q1;QQ1;PORTAL;1;250;600
2021;1;6;7;Q1;QQ1;PORTAL;3;182,33;600
2021;1;20;16;Q2;QQ3;PORTAL;3;91,33;600
2021;1;21;15;Q2;QQ3;PORTAL;2;160;600
2021;1;21;18;Q2;QQ4;PORTAL;10;162,6;540,6
2021;1;22;14;Q2;QQ3;PORTAL;2;50;600
2021;1;24;15;Q2;QQ3;PORTAL;1;300;600
2021;1;25;11;Q1;QQ2;PORTAL;5;134,4;357,4
2021;1;26;10;Q1;QQ1;PORTAL;6;81;600
2021;1;26;13;Q1;QQ2;PORTAL;2;22;333,5
2021;1;27;9;Q1;QQ1;PORTAL;15;166,07;305,47
2021;1;27;12;Q1;QQ2;PORTAL;10;155,9;493,5
2021;1;28;8;Q1;QQ1;PORTAL;12;187,25;600
2021;1;28;11;Q1;QQ2;PORTAL;27;190,85;579,44
2021;1;28;14;Q2;QQ3;PORTAL;4;34,25;479,25
2021;1;29;10;Q1;QQ1;PORTAL;6;137,33;533,17
2021;1;29;13;Q1;QQ2;PORTAL;3;217,33;600
2021;2;1;11;Q1;QQ2;PORTAL;9;216;503,11
2021;2;2;10;Q1;QQ1;PORTAL;5;233,4;525,6
2021;2;3;9;Q1;QQ1;PORTAL;14;155,71;502,36
2021;2;4;8;Q1;QQ1;PORTAL;4;105,75;600
2021;2;5;7;Q1;QQ1;PORTAL;2;163;600
2021;2;18;17;Q2;QQ4;PORTAL;1;300;600
2021;2;21;14;Q2;QQ3;PORTAL;5;55,6;481,2
2021;2;22;13;Q1;QQ2;PORTAL;3;213;499,33
2021;2;23;12;Q1;QQ2;PORTAL;11;79;596,64
2021;2;23;15;Q2;QQ3;PORTAL;6;177,83;600
